state,state_abbr,region,population_2023,land_area_sqmi,median_household_income,poverty_rate,population_density,ev_registrations_2023,public_ports,private_ports,total_ports,evs_per_1000,public_ports_per_100k,income_level,poverty_level,density_level,ev_adoption_level,charging_access_level,context_profile
Alabama,AL,South,5108468,50651.04426482531,62248,15.7,100.85612397822928,13047,1765,469,2234,2.553994661413167,34.55047579822366,Low,High,Middle,Low,Low,Lower income pressured
Alaska,AK,West,733406,571251.1432340358,88696,10.5,1.2838591374153818,2697,208,15,223,3.677362879496486,28.360826063599156,High,Low,Low,Low,Low,Mixed sparse
Arizona,AZ,West,7431344,113655.4027534944,77158,12.6,65.38487234186074,89798,4734,371,5105,12.08368230565023,63.70314710232765,Middle,Middle,Middle,High,Middle,Mixed sparse
Arkansas,AR,South,3067732,51991.95460419727,58748,15.4,59.00397519873862,7108,1115,51,1166,2.317021173948702,36.34606934373667,Low,High,Low,Low,Low,Lower income pressured
California,CA,West,38965193,155859.63366319513,95473,12.0,250.00182590061667,1256646,65977,10938,76915,32.25047544355805,169.32291340119886,High,Middle,High,High,High,Affluent dense
Colorado,CO,West,5877610,103637.17229349671,92790,9.4,56.713338177105236,90083,7640,871,8511,15.326467730931451,129.98480674968226,High,Low,Low,High,High,Affluent dense
Connecticut,CT,Northeast,3617176,4842.498504509706,91477,10.2,746.9648150910956,31557,4889,530,5419,8.724209162064549,135.16068889100225,High,Low,High,High,High,Mixed sparse
Delaware,DE,South,1031890,1948.5387638884918,81615,10.8,529.5711941294751,8435,733,39,772,8.174320906298151,71.03470331139947,High,Middle,High,Middle,High,Mixed sparse
District of Columbia,DC,South,678972,61.12621883019439,104643,15.2,11107.704893151507,8066,1100,284,1384,11.879724053421938,162.0096263174328,High,High,High,High,High,Affluent dense
Florida,FL,South,22610726,53656.82063805741,73283,12.4,421.39518762248076,254878,15205,1457,16662,11.272437691739752,67.24684559000892,Middle,Middle,High,High,Middle,Lower income pressured
Georgia,GA,South,11029227,57717.00657367384,74521,13.7,191.09145908184894,92368,7588,1012,8600,8.374838961968958,68.79901918783611,Middle,High,Middle,High,High,Mixed sparse
Hawaii,HI,West,1435138,6422.586978533276,96716,10.2,223.4517033084606,25565,1030,161,1191,17.813617923851226,71.7701015512097,High,Low,High,High,High,Affluent dense
Idaho,ID,West,1964726,82645.37853698144,74859,10.1,23.772968734372018,8501,710,99,809,4.326811982943169,36.13735452169921,Middle,Low,Low,Middle,Low,Mixed sparse
Illinois,IL,Midwest,12549689,55513.28035685366,80346,11.6,226.06642805698687,99573,5949,636,6585,7.934300204570807,47.40356514014013,Middle,Middle,High,Middle,Middle,Mixed sparse
Indiana,IN,Midwest,6862199,35825.150029342316,69458,12.2,191.5469717329744,26101,2176,377,2553,3.8035912394846028,31.709951868198516,Low,Middle,High,Low,Low,Lower income pressured
Iowa,IA,Midwest,3207004,55853.68202529438,71662,11.1,57.41795139929447,9031,1288,63,1351,2.8160239276284034,40.16209521410014,Middle,Middle,Low,Low,Low,Mixed sparse
Kansas,KS,Midwest,2940546,81758.77670362318,70316,11.2,35.96612031830569,11271,1390,209,1599,3.83296163365579,47.27013282567251,Low,Middle,Low,Low,Middle,Mixed sparse
Kentucky,KY,South,4526154,39485.41975805939,61099,16.1,114.62848888864008,11617,1199,147,1346,2.566638254023173,26.49048176442958,Low,High,Middle,Low,Low,Lower income pressured
Louisiana,LA,South,4573749,43214.79720479482,58273,18.9,105.83756712602433,8150,869,159,1028,1.7819080146286996,18.999730855366135,Low,High,Middle,Low,Low,Lower income pressured
Maine,ME,Northeast,1395722,30845.19352740813,73463,10.5,45.24925411020043,7377,1638,81,1719,5.285436498099191,117.35861439455708,Middle,Middle,Low,Middle,High,Mixed sparse
Maryland,MD,South,6180253,9710.937198370815,98568,9.7,636.4218894379061,72139,5549,620,6169,11.67249949152567,89.78596830906437,High,Low,High,High,High,Affluent dense
Massachusetts,MA,Northeast,7001399,7800.9994692133405,99750,10.5,897.5002533497194,73768,11382,1019,12401,10.536179983457592,162.56750972198557,High,Low,High,High,High,Affluent dense
Michigan,MI,Midwest,10037261,56611.125082724284,69097,13.5,177.30191698774448,50284,5608,513,6121,5.009733233000517,55.87181602630439,Low,High,Middle,Middle,Middle,Lower income pressured
Minnesota,MN,Midwest,5737915,79631.69703440984,85070,9.2,72.05566644549313,37050,2709,157,2866,6.457049294037991,47.212271356407335,High,Low,Middle,Middle,Middle,Mixed sparse
Mississippi,MS,South,2939690,46924.761576698234,54386,18.3,62.646881970728714,3590,694,162,856,1.2212172031744843,23.6079314485541,Low,High,Middle,Low,Low,Lower income pressured
Missouri,MO,Midwest,6196156,68746.37427038273,68484,12.0,90.13065875489268,26861,3359,142,3501,4.335107121253888,54.21103019355871,Low,Middle,Middle,Middle,Middle,Mixed sparse
Montana,MT,West,1132812,145550.28037024275,70939,11.8,7.782959930536825,4608,471,5,476,4.067753519560174,41.57794938612938,Low,Middle,Low,Low,Middle,Mixed sparse
Nebraska,NE,Midwest,1978379,76815.16433146487,74727,10.2,25.755057835495908,6920,749,26,775,3.4978131086106354,37.859277721811644,Middle,Low,Low,Low,Low,Mixed sparse
Nevada,NV,West,3194176,109860.37582006,76332,12.2,29.07486867905615,47361,2761,374,3135,14.8272981826925,86.43856819411329,Middle,Middle,Low,High,High,Mixed sparse
New Hampshire,NH,Northeast,1402054,8953.96212262591,97031,7.3,156.58475888088998,9861,837,62,899,7.0332526421949515,59.69812860274997,High,Low,Middle,Middle,Middle,Affluent dense
New Jersey,NJ,Northeast,9290841,7354.952722361623,99716,9.7,1263.2087996640144,134753,6163,772,6935,14.503853849183297,66.33414563869945,High,Low,High,High,Middle,Affluent dense
New Mexico,NM,West,2114371,121312.7243446067,62286,16.9,17.42909502216616,10276,1239,156,1395,4.860074225384286,58.598987594892286,Low,High,Low,Middle,Middle,Lower income pressured
New York,NY,Northeast,19571216,47123.48126384507,82052,14.1,415.3177030877764,131250,21212,1355,22567,6.706277218543804,108.38365894076281,High,High,High,Middle,High,Mixed sparse
North Carolina,NC,South,10835491,48623.62018320712,70838,12.8,222.84418476397602,70164,5765,478,6243,6.475387225184351,53.20478785871356,Low,High,High,Middle,Middle,Lower income pressured
North Dakota,ND,Midwest,783926,68994.29215480758,77346,10.0,11.362186284063142,959,268,6,274,1.2233297530634268,34.18690029416042,Middle,Low,Low,Low,Low,Mixed sparse
Ohio,OH,Midwest,11785935,40858.917316524436,67873,13.2,288.4544127466014,50393,5256,517,5773,4.275689624963993,44.5955284837393,Low,High,High,Middle,Middle,Lower income pressured
Oklahoma,OK,South,4053824,68596.74321630437,62120,15.8,59.09644991770498,22843,1579,264,1843,5.634926429958479,38.95087699910011,Low,High,Low,Middle,Low,Lower income pressured
Oregon,OR,West,4233358,95996.8342645191,80061,12.1,44.098933391230275,64361,4294,303,4597,15.203297240630251,101.43247984224344,Middle,Middle,Low,High,High,Mixed sparse
Pennsylvania,PA,Northeast,12961683,44742.090602480275,73826,11.9,289.697750495402,70154,5819,370,6189,5.412414421800009,44.893861391302345,Middle,Middle,High,Middle,Middle,Lower income pressured
Rhode Island,RI,Northeast,1095962,1033.8923496651157,83518,11.4,1060.0349256428767,6396,867,154,1021,5.835968765340405,79.1085822318657,High,Middle,High,Middle,High,Mixed sparse
South Carolina,SC,South,5373555,30064.088214636038,67988,13.9,178.73666953199012,20873,2081,222,2303,3.8843931066119173,38.726690245098446,Low,High,Middle,Low,Low,Lower income pressured
South Dakota,SD,Midwest,919318,75807.98212024554,72794,11.4,12.126928778315072,1675,338,2,340,1.822002832534553,36.766385516219636,Middle,Middle,Low,Low,Low,Mixed sparse
Tennessee,TN,South,7126489,41224.34302763985,67651,13.8,172.87089318129034,33221,3095,373,3468,4.661622293951482,43.42952048336846,Low,High,Middle,Middle,Middle,Lower income pressured
Texas,TX,South,30503301,261258.8742375412,75778,13.7,116.75508090977173,230125,12457,1091,13548,7.544265455073207,40.838203052187694,Middle,High,Middle,Middle,Low,Mixed sparse
Utah,UT,West,3417734,82595.69923015895,93030,9.0,41.37907944185126,39998,3181,207,3388,11.703075780619557,93.0733638135677,High,Low,Low,High,High,Affluent dense
Vermont,VT,Northeast,647464,9217.272768832516,80626,9.9,70.24463919407361,7816,1450,99,1549,12.071713639677263,223.95067524989807,Middle,Low,Middle,High,High,Mixed sparse
Virginia,VA,South,8715698,39481.422605347114,89864,10.2,220.75440611959107,84936,5429,1020,6449,9.745174741024758,62.289904950814034,High,Low,High,High,Middle,Mixed sparse
Washington,WA,West,7812880,66455.45264208605,94553,10.3,117.56567278351702,152101,8821,964,9785,19.467981077400395,112.90330838308026,High,Low,Middle,High,High,Affluent dense
West Virginia,WV,South,1770071,24041.23733792822,55875,16.4,73.62645171375932,2758,567,53,620,1.5581295891520737,32.03261338104517,Low,High,Middle,Low,Low,Lower income pressured
Wisconsin,WI,Midwest,5910955,54168.095887436146,74671,10.6,109.12244381421941,24943,2318,123,2441,4.21979189487993,39.21532138207785,Middle,Middle,Middle,Low,Low,Mixed sparse
Wyoming,WY,West,584057,97088.54953136377,73558,10.4,6.015714549441534,1139,332,20,352,1.9501521255630871,56.843766961101394,Middle,Low,Low,Low,Middle,Mixed sparse
